{"cameraMode":{"drawMode":0,"name":"Shaded","section":"Shading Mode"},"sceneLighting":true,"audioPlay":false,"sceneViewState":{"m_AlwaysRefresh":false,"showFog":true,"showSkybox":true,"showFlares":true,"showImageEffects":true,"showParticleSystems":true,"showVisualEffectGraphs":true,"m_FxEnabled":true},"in2DMode":false,"pivot":{"x":80.06582641601563,"y":9.537924766540528,"z":54.54798126220703},"rotation":{"x":0.3179185390472412,"y":0.1874738484621048,"z":-0.06427240371704102,"w":0.9272214770317078},"size":0.0039756023325026039,"orthographic":false}