{"cameraMode":{"drawMode":0,"name":"Shaded","section":"Shading Mode"},"sceneLighting":true,"audioPlay":false,"sceneViewState":{"m_AlwaysRefresh":false,"showFog":true,"showSkybox":true,"showFlares":true,"showImageEffects":true,"showParticleSystems":true,"showVisualEffectGraphs":true,"m_FxEnabled":true},"in2DMode":false,"pivot":{"x":83.23213958740235,"y":27.117111206054689,"z":19.47806739807129},"rotation":{"x":0.2824244499206543,"y":-0.17432764172554017,"z":0.05225396901369095,"w":0.9419084787368774},"size":0.000039013226341921836,"orthographic":false}